cat,state,my_val,opp_val,gap,need_weight,season_wins,season_losses,win_rate
R,WIN,98.0,69.0,29.0,0.4,12,9,0.545
HR,WIN,28.0,19.0,9.0,0.4,12,9,0.545
RBI,WIN,105.0,68.0,37.0,0.44,13,8,0.591
SB,WIN,21.0,12.0,9.0,0.4,13,8,0.591
OBP,WIN,0.37945792,0.31319555,0.0663,0.66,12,10,0.545
K,LOSS,73.0,91.0,-18.0,0.66,11,11,0.5
QS,TIE,5.0,5.0,0.0,0.66,13,7,0.591
ERA,FLOPPABLE,3.55609756,3.65413534,0.098,0.4,14,8,0.636
WHIP,WIN,1.12682927,1.34210526,0.2153,0.4,13,9,0.591
SvHd,WIN,13.0,9.0,4.0,0.2,18,2,0.818
