name,position,team,lineup_slot,injury_status,ownership_pct,season_r,season_hr,season_rbi,season_sb,season_obp,season_k,season_qs,season_era,season_whip,season_svhd,14d_r,14d_hr,14d_k,14d_era,14d_whip,xwoba,xfip,siera,wrc_plus,buy_low,sell_high
Jake Bauers,1B,,1B,ACTIVE,73.4,92.0,26.0,86.0,11.0,0.39,,,,,,7.0,1.0,,,,0.37,,,143.0,False,False
Max Muncy,3B,,1B/3B,ACTIVE,59.7,80.0,29.0,76.0,3.0,0.344,,,,,,4.0,1.0,,,,0.345,,,127.0,False,False
Zack Gelof,2B,,2B,ACTIVE,39.8,76.0,22.0,55.0,16.0,0.325,,,,,,11.0,5.0,,,,0.326,,,116.0,False,False
Nico Hoerner,2B,,2B/SS,ACTIVE,94.6,62.0,8.0,72.0,23.0,0.317,,,,,,4.0,0.0,,,,0.323,,,89.0,False,False
Miguel Vargas,3B,,3B,ACTIVE,95.8,106.0,33.0,93.0,22.0,0.363,,,,,,10.0,3.0,,,,0.378,,,134.0,False,False
Christian Yelich,DH,,BE,ACTIVE,58.4,69.0,12.0,58.0,11.0,0.315,,,,,,5.0,1.0,,,,0.31,,,92.0,False,False
Mike Trout,DH,,BE,ACTIVE,89.8,86.0,22.0,54.0,11.0,0.382,,,,,,6.0,1.0,,,,0.381,,,129.0,False,False
Nathan Eovaldi,SP,,BE,ACTIVE,68.8,,,,,,144.0,11.0,4.2,1.22,1.0,,,5.0,4.35,1.26,,3.523,3.577,,False,False
Travis Bazzana,2B,,BE,ACTIVE,23.5,56.0,15.0,57.0,19.0,0.337,,,,,,8.0,4.0,,,,0.301,,,112.0,False,False
Xavier Edwards,2B,,BE,DAY_TO_DAY,69.3,61.0,6.0,52.0,21.0,0.36,,,,,,2.0,0.0,,,,0.311,,,103.0,False,False
Carter Jensen,C,,C,ACTIVE,42.4,80.0,27.0,81.0,2.0,0.323,,,,,,7.0,3.0,,,,0.318,,,116.0,False,False
Will Smith,C,,C,ACTIVE,64.8,35.0,10.0,34.0,0.0,0.355,,,,,,6.0,3.0,,,,0.389,,,118.0,False,False
Nick Kurtz,1B,,IL,SIXTY_DAY_DL,59.8,62.0,21.0,69.0,7.0,0.396,,,,,,,,,,,0.374,,,138.0,False,False
Jake McCarthy,LF,,OF,ACTIVE,79.5,80.0,15.0,83.0,32.0,0.336,,,,,,8.0,0.0,,,,0.321,,,109.0,False,False
Jakob Marsee,CF,,OF,ACTIVE,29.5,83.0,11.0,41.0,23.0,0.348,,,,,,10.0,2.0,,,,0.314,,,100.0,False,False
Juan Soto,RF,,OF,DAY_TO_DAY,99.7,63.0,27.0,68.0,9.0,0.397,,,,,,6.0,2.0,,,,0.411,,,149.0,False,False
Pete Crow-Armstrong,CF,,OF,ACTIVE,99.5,119.0,45.0,107.0,41.0,0.372,,,,,,8.0,4.0,,,,0.374,,,156.0,False,False
Wyatt Langford,LF,,OF,ACTIVE,61.8,64.0,17.0,44.0,15.0,0.334,,,,,,6.0,0.0,,,,0.319,,,116.0,False,False
Blake Snell,SP,,P,ACTIVE,82.1,,,,,,55.0,4.0,1.9,1.1,0.0,,,4.0,1.8,1.2,,3.063,3.216,,False,True
Brock Burke,RP,,P,ACTIVE,3.0,,,,,,74.0,0.0,2.3,1.26,25.0,,,2.0,0.0,1.0,,4.592,4.236,,False,True
Emilio Pagan,RP,,P,ACTIVE,63.4,,,,,,45.0,0.0,3.38,1.03,25.0,,,7.0,0.0,1.0,,4.417,3.539,,False,False
Jhoan Duran,RP,,P,ACTIVE,93.5,,,,,,82.0,0.0,1.85,1.01,33.0,,,7.0,2.25,0.75,,1.787,1.716,,False,False
Mason Miller,RP,,P,ACTIVE,99.5,,,,,,129.0,0.0,1.67,0.9,38.0,,,12.0,6.75,1.35,,1.544,1.562,,False,False
Mason Montgomery,RP,,P,ACTIVE,37.0,,,,,,103.0,0.0,2.93,1.05,26.0,,,8.0,4.5,1.17,,2.281,2.327,,False,False
Michael King,SP,,P,ACTIVE,84.2,,,,,,159.0,18.0,3.21,1.18,0.0,,,11.0,6.3,1.7,,4.336,4.387,,False,False
Sonny Gray,SP,,P,ACTIVE,86.8,,,,,,149.0,20.0,2.72,1.15,0.0,,,9.0,2.19,0.89,,3.682,3.917,,False,False
Tyler Mahle,SP,,P,ACTIVE,28.9,,,,,,137.0,10.0,3.99,1.23,0.0,,,10.0,4.91,1.09,,3.85,4.009,,False,False
Yoshinobu Yamamoto,SP,,P,ACTIVE,93.2,,,,,,182.0,22.0,2.53,0.87,0.0,,,11.0,1.38,0.69,,3.283,3.399,,False,True
Mookie Betts,SS,,SS,ACTIVE,95.3,71.0,23.0,69.0,2.0,0.327,,,,,,8.0,3.0,,,,0.341,,,114.0,False,False
Corbin Carroll,RF,,UTIL,ACTIVE,99.6,90.0,22.0,77.0,21.0,0.328,,,,,,4.0,2.0,,,,0.342,,,115.0,False,False
Nolan Arenado,3B,,UTIL,ACTIVE,38.2,79.0,30.0,86.0,4.0,0.331,,,,,,11.0,6.0,,,,0.299,,,120.0,False,False
