name,team,flag_type,score,rostered,era,xfip,siera,obp,xwoba,babip,reasons
Samuel Basallo,,buy_low_hitter,0.69,False,,,,0.291,0.3183083642887164,0.259,BABIP 0.259 below floor (0.260); OBP (0.291) lags xwOBA (0.318)
J.T. Realmuto,,buy_low_hitter,0.69,False,,,,0.283,0.3169388637747816,0.239,BABIP 0.239 below floor (0.240); OBP (0.283) lags xwOBA (0.317)
Brent Rooker,,buy_low_hitter,0.69,False,,,,0.281,0.3120325647219263,0.243,BABIP 0.243 below floor (0.260); OBP (0.281) lags xwOBA (0.312)
Devin Williams,,buy_low_pitcher,0.69,False,4.43,3.6147958512074796,3.508967426925673,,,,"ERA (4.43) >> xFIP (3.61), gap=0.82; ERA (4.43) >> SIERA (3.51), gap=0.92"
Emmet Sheehan,,buy_low_pitcher,0.69,False,4.57,3.7272969455199956,3.4201611130694305,,,,"ERA (4.57) >> xFIP (3.73), gap=0.84; ERA (4.57) >> SIERA (3.42), gap=1.15"
Garrett Cleavinger,,buy_low_pitcher,0.69,False,4.79,3.581353185156853,3.4338552212537854,,,,"ERA (4.79) >> xFIP (3.58), gap=1.21; ERA (4.79) >> SIERA (3.43), gap=1.36"
Connor Prielipp,,buy_low_pitcher,0.69,False,4.87,3.939173770436559,3.9144101725076323,,,,"ERA (4.87) >> xFIP (3.94), gap=0.93; ERA (4.87) >> SIERA (3.91), gap=0.96"
Caleb Kilian,,buy_low_pitcher,0.69,False,4.91,3.7824295561892822,3.5190747393375195,,,,"ERA (4.91) >> xFIP (3.78), gap=1.13; ERA (4.91) >> SIERA (3.52), gap=1.39"
Bryan King,,buy_low_pitcher,0.69,False,5.19,4.29699479389765,4.031737567188017,,,,"ERA (5.19) >> xFIP (4.30), gap=0.89; ERA (5.19) >> SIERA (4.03), gap=1.16"
Matthew Liberatore,,buy_low_pitcher,0.69,False,5.23,4.067306518170142,4.094223535482531,,,,"ERA (5.23) >> xFIP (4.07), gap=1.16; ERA (5.23) >> SIERA (4.09), gap=1.14"
